Day,Pillar,Short Title,Hook (first line on screen),Voiceover Script (ready-to-paste),YouTube Description / Caption (ready-to-paste),Hashtags,Best Region & Posting Time
1,Prediction,"I'm Calling the 2026 World Cup WINNER Right Now","48 teams, one trophy, and I already know who lifts it.","48 teams. One trophy. And I'm calling the winner right now. Argentina still have the spine of champions. France have the scariest attack on the planet. England finally have the depth to go all the way. But my dark horse could shock the entire world. My winner for 2026? Lock it in. Screenshot this and come roast me on July 19th. Who is YOUR winner? Drop it below.","Who actually lifts the 2026 World Cup trophy? Here is my bold winner prediction. Save this and check back on the final. Comment your pick below! 🏆","#WorldCup2026 #FIFA26 #football #soccer #shorts","Americas 12pm ET / Asia 8pm JST"
2,Hot Take,"This Superstar Is NOT Top 5 Anymore","Say it with me, he is NOT a top 5 player anymore.","Say it with me. He is NOT a top five player anymore. The numbers don't lie, the big-game goals have dried up, and we keep him on a pedestal out of habit. But here is the twist. In a one-off tournament, he can still win his country the whole thing in 90 minutes. So which is it? Finished, or still the most dangerous man on the pitch? Tell me in the comments.","Hot take: is this superstar overrated in 2026? The stats say one thing, the legacy says another. Where do you stand? 🔥","#hottake #footballdebate #WorldCup2026 #soccer #shorts","Europe 8pm CET"
3,Prediction,"The GROUP OF DEATH Nobody Wants","This is the group NOBODY wanted to land in.","This is the group of death, and nobody wanted to land in it. Four teams, only two survive. Team one has the form. Team two has the firepower. Team three has the experience. Team four has the chaos to ruin everyone. Two go through, two go home crying. Here are my two survivors. Did I get it right, or did I just doom your country? Let me hear it.","Breaking down the 2026 Group of Death. Two qualify, two crash out. Who survives? Comment your call! ☠️","#groupofdeath #WorldCup2026 #fifaworldcup #football #shorts","Americas 7pm ET"
4,Reaction,"Rating Every World Cup 2026 KIT","The tournament hasn't started and the kits already caused chaos.","The tournament hasn't even started and the kits already started a war. Kit one, clean, an instant nine out of ten. Kit two, bold, but a little tryhard, six. Kit three, an absolute museum piece, ten out of ten. And this last one? Who approved this? Three, and I'm being generous. Rate your country's kit one to ten in the comments. Be honest.","Rating the best and worst World Cup 2026 kits. Which one is a masterpiece and which is a crime? Drop your rating! 👕","#footballkits #WorldCup2026 #kitreveal #soccer #shorts","Asia 12:30pm IST"
5,Hot Take,"The Golden Boot Is ALREADY Decided","The Golden Boot is already decided, fight me.","The Golden Boot is already decided, and I'll fight anyone on this. Everyone says the obvious name, but he goes quiet in the big games. The second pick gets shut down by elite defenses. The third runs out of gas by the knockouts. My winner? Look at his scoring rate this season, it's frightening. Screenshot this. When he lifts the Golden Boot, come back and thank me. Who's YOUR top scorer?","Calling the 2026 Golden Boot winner before a ball is kicked. Agree or disagree? Comment your top scorer! 🥇","#goldenboot #topscorer #WorldCup2026 #football #shorts","Europe 9pm CET"
6,Prediction,"This UNDERDOG Will Shock the World","Remember this team, they're about to ruin a giant.","Remember this team, because they are about to ruin a giant. Everyone's sleeping on them, but they have fearless young legs, zero pressure, and they're about to meet a giant with one fatal weakness. Three reasons this upset happens. Their form is red hot. Their press is relentless. And the favorite cannot defend the counter. Mark my words, this is your shock of the group stage. Believe me, or not?","The underdog that ruins a giant at World Cup 2026. Here is why the upset happens. Do you believe? 😱","#underdog #upset #WorldCup2026 #soccer #shorts","Asia 8pm JST"
7,Reaction,"Did We Just Watch the GAME of the Tournament?","Did we just get the game of the tournament on DAY ONE?","Did we just watch the game of the tournament on day one? It had everything. A stunning opener, a comeback for the ages, and a winner in the dying seconds. The hero dragged his team back from the dead. The villain? That keeper will not sleep tonight. Goals, drama, heartbreak, all in 90 minutes. Best game of the tournament so far, easily. Give me your man of the match in ONE word.","Instant classic on matchday one. The hero, the villain, and the moment that decided it. Your MOTM? 🤯","#postmatch #WorldCup2026 #matchday #football #shorts","Americas 7pm ET"
8,Hot Take,"This Manager Is SABOTAGING His Team","This manager is wasting the best squad at the World Cup.","This manager is sabotaging the best squad at the entire World Cup. He's playing the wrong system, benching his most creative player, and asking his stars to do jobs they hate. Here's the fix. Switch to a back three, unleash the number ten, and let the front men actually attack. Suddenly they're contenders again. So is he the problem, or am I overreacting? Bench him or back him? Go.","Is this World Cup manager getting it badly wrong? Here is the XI that would actually win it. Agree? ⚽","#tactics #footballdebate #WorldCup2026 #soccer #shorts","Europe 8pm CET"
9,Prediction,"I Filled Out the ENTIRE Knockout Bracket","I predicted the whole knockout bracket, roast me later.","I filled out the entire knockout bracket, so roast me later. Round of 32, the favorites mostly hold, but watch this upset. Round of 16, a giant goes home early. Quarters, two heavyweights collide too soon. Semis, my dark horse is still standing. And these two meet in the final, with this team lifting the trophy. Screenshot it, save it, and come back on July 19th to tell me how wrong I was.","My full World Cup 2026 knockout bracket prediction. Save it and hold me accountable. Your finalists? 🔮","#bracket #knockouts #WorldCup2026 #prediction #shorts","Asia 12:30pm IST"
10,Reaction,"One Man Just CARRIED His Country","One man just dragged an entire nation to the next round.","One man just dragged his entire country into the next round single-handedly. A goal, an assist, and the kind of performance that defines a tournament. The stats are absurd, but the eye test is even better, he was everywhere. This is what generational talent looks like under the brightest lights. If he keeps this up, the Golden Ball is his. Is he the player of the tournament so far? Make your case below.","One man, one nation, one unforgettable performance. Is he the player of the tournament? Comment! 🐐","#motm #WorldCup2026 #postmatch #goat #shorts","Americas 12pm ET"
11,Hot Take,"This Nation Is Built on HYPE","This country is pure hype and they're going home early.","This country is built entirely on hype, and they are going home early. Their ranking is a lie. The midfield can't control a game, the defense is aging, and they have no plan B when it goes wrong. My prediction? Out by the round of 16, and the fans will be in shock. Tell me I'm wrong. Defend your country in the comments, I'll be reading every single one.","Is this overhyped nation about to flop at World Cup 2026? Defend them in the comments. 📉","#hottake #WorldCup2026 #football #debate #shorts","Europe 9pm CET"
12,Prediction,"A FAVORITE Is About to Get Dumped Out","A favorite is about to get knocked out, here's who.","Upset alert. A favorite is about to get dumped out, and here is exactly who. They've looked shaky all tournament, they concede chances, and their star is carrying a knock. Their opponent presses high and punishes mistakes. My call? A one-nil shock, with eighty percent confidence. Bookmark this one. When it happens, you heard it here first. Agree? Fire or ice in the comments.","Upset alert: a World Cup 2026 favorite is going out early. Here is my scoreline call. Agree? ⚠️","#upsetalert #knockouts #WorldCup2026 #soccer #shorts","Asia 8pm JST"
13,Reaction,"Did VAR Just END Their World Cup?","One VAR decision just ended a nation's World Cup.","One VAR decision just ended an entire country's World Cup, and people are furious. Let's break it down frame by frame. The contact is minimal, the player goes down, and the referee points to the spot. Was it a clear and obvious error? In my opinion, this was soft, and it changed everything. Robbery, or the correct call? You make the verdict, drop justice or scandal below.","VAR controversy at World Cup 2026. Robbery or the right call? Watch and decide. 🤬","#VAR #controversy #WorldCup2026 #football #shorts","Americas 7pm ET"
14,Hot Take,"A Teenager Just Outplayed a LEGEND","A teenager just embarrassed a legend, the era is changing.","A teenager just outplayed a living legend, and the era is officially changing. Look at the numbers side by side. The kid has more dribbles, more chances created, and zero fear. The legend is still world-class, but the torch is being passed in real time, on the biggest stage there is. Too soon to crown him? Maybe. But you can feel it coming. New king, or respect your elders? Let's debate.","The next generation is taking over at World Cup 2026. Is the torch being passed? Comment! 👑","#wonderkid #nextgen #WorldCup2026 #football #shorts","Europe 8pm CET"
15,Prediction,"Only 4 of These 8 Teams Survive","8 teams left, only 4 survive the weekend.","Eight teams left, and only four survive the weekend. Tie one, the favorite has too much quality, they go through. Tie two, this is a coin flip, and I'm taking the underdog. Tie three, a goal-fest, but experience wins it. Tie four, the shock of the round is coming. These are your four semifinalists. How many am I going to get right? Lock in your picks before kickoff.","My full quarter-final predictions for World Cup 2026. Four survive, four go home. Your semifinalists? 🔥","#quarterfinals #WorldCup2026 #prediction #shorts","Asia 12:30pm IST"
16,Reaction,"Penalty Shootout HEARTBREAK","Grown men crying, a nation silent, that's the World Cup.","Grown men crying. A whole nation gone silent. This is exactly why we love the World Cup. The shootout had everything, ice-cold finishes, a save that sent a country wild, and the miss that will haunt one man forever. Hero and villain decided in 90 seconds of pure terror. Could you step up and take the fifth penalty with everything on the line? Most heartbreaking exit so far, drop it below.","Penalty shootout drama at World Cup 2026. The hero, the heartbreak, the miss. Could you take it? 💔","#penaltyshootout #heartbreak #WorldCup2026 #shorts","Americas 7pm ET"
17,Hot Take,"Stop the Vote, the Golden Ball Is WON","Stop the vote, the player of the tournament is decided.","Stop the vote right now, the Golden Ball is already won. Look at what he's done. The goals, the assists, and the times he single-handedly dragged his team out of trouble. The two rivals? One disappears in big games, the other rides his teammates. There's no debate. He is the player of this tournament, full stop. Lock it in. But if you disagree, I want to hear your pick below.","The player of the tournament race is over at World Cup 2026. Or is it? Comment your Golden Ball pick! 🏅","#goldenball #POTT #WorldCup2026 #shorts","Europe 9pm CET"
18,Prediction,"The Semifinal NOBODY Predicted","This semifinal would have sounded INSANE back in June.","This semifinal lineup would have sounded absolutely insane back in June. A team nobody backed has knocked out two giants and is now ninety minutes from the final. How did they do it? A rock-solid defense, lethal counters, and a keeper in the form of his life. The real question now, can they actually win the whole thing? Fairytale, or fluke? I'm backing the underdog. Are you?","The shock semifinalist of World Cup 2026. Fairytale run or fluke? Are you backing the underdog? 😱","#semifinal #underdog #WorldCup2026 #shorts","Asia 8pm JST"
19,Reaction,"A Goal They'll Replay for 50 Years","We just saw a goal they'll show our grandkids.","We just witnessed a goal they will be replaying for the next fifty years. Watch the build-up. The vision to even attempt it, the technique to pull it off, and the absolute audacity to try it in a World Cup. Goal of the tournament, it's over, nothing is beating that. Is it better than the iconic goals we grew up worshipping? That's a bold claim, but I might be ready to make it. Agree?","Goal of the tournament at World Cup 2026? This one is unreal. Better than the classics? Comment! 🤯","#goaloftournament #WorldCup2026 #worldcupgoals #shorts","Americas 12pm ET"
20,Hot Take,"His LAST Dance Might End in Tears","His final World Cup, and it could end in heartbreak.","This is his final World Cup, and it might just end in heartbreak. The legacy is already secured, but this is the one trophy that has tortured him, and time is running out. Storybook ending, or cruel goodbye? I keep going back and forth. Part of me says the football gods owe him this. The other part fears the worst. Does he deserve to lift it on the way out? Give him the send-off, or not?","A legend's last dance at World Cup 2026. Storybook ending or heartbreak? Does he deserve the trophy? 🐐","#lastdance #legend #WorldCup2026 #shorts","Europe 8pm CET"
21,Prediction,"Both Semifinals, EXACT Scorelines","Both semis, exact scorelines, no fence-sitting.","Both semifinals, exact scorelines, and no fence-sitting from me. Semifinal one, the favorite controls it, but it goes the distance, I'm calling two-one after extra time. Semifinal two, the underdog's run finally ends against elite quality, two-nil. So my two finalists are set. Screenshot this and hold me accountable when full time hits. Who are YOUR two finalists? Drop them before kickoff.","Exact scoreline predictions for both World Cup 2026 semifinals. Save it. Your two finalists? 🔒","#semifinals #prediction #WorldCup2026 #shorts","Asia 12:30pm IST"
22,Reaction,"So Close to the Final, So Far From Glory","So close to the final, so far from glory.","So close to the final, and yet so far from glory. They gave everything, but one moment of magic, or one cruel mistake, ended the dream. You can see it on their faces, this one will haunt them for years. The what-ifs are already starting. Did the better team really win, or did the occasion get the best of them? Were they robbed, or simply not good enough? Let me know below.","Semifinal heartbreak at World Cup 2026. Did the better team win, or were they robbed? Comment! 💔","#semifinal #heartbreak #WorldCup2026 #shorts","Americas 7pm ET"
23,Hot Take,"This Final Is a MISMATCH","I hate to say it, but this final isn't close.","I hate to say it, but this World Cup final is a mismatch. Position by position, look at the battle. Goalkeeper, edge to them. Defense, clearly them. Midfield, it's their engine room that runs the game. Attack, frighteningly one-sided. On paper, this is not close. But finals are chaos, and chaos doesn't read the form guide. Upset incoming, or does the better team finally win? Who lifts it?","Is the World Cup 2026 final a mismatch? Position-by-position breakdown inside. Who lifts it? 🏆","#worldcupfinal #WorldCup2026 #football #shorts","Europe 9pm CET"
24,Prediction,"World Cup FINAL: Winner, Score, MOTM","The final. Winner, scoreline, MOTM, in 30 seconds.","The final. Winner, scoreline, and man of the match, all in thirty seconds. The game gets decided in one battle, their playmaker versus the opposing holding midfielder. Whoever wins that war, wins the cup. Watch for the x-factor substitution around the seventieth minute, that's the moment. My final call, a two-one win, with the captain lifting man of the match. Lock in your prediction before kickoff. Go.","My full World Cup 2026 FINAL prediction: winner, scoreline, and MOTM. Lock yours in before kickoff! 🏆","#worldcupfinal #prediction #WorldCup2026 #shorts","Asia 8pm JST"
25,Reaction,"We Have NEW World Champions","It's done. We have new World Champions.","It is done. We have our World Champions. The final was decided by one moment of brilliance, the kind that separates legends from the rest. The hero of the night just wrote his name into history forever, this cements his entire legacy. A whole nation is in tears of joy right now. Deserved winners? For me, absolutely, they were the best team across the whole tournament. Do you agree? Let's hear it.","WORLD CHAMPIONS crowned at the 2026 World Cup! Deserved winners? Were they the best team? Comment! 🏆🏆🏆","#worldchampions #WorldCup2026 #champions #football #shorts","Americas 7pm ET"
26,Hot Take,"The GOAT Debate Is OFFICIALLY Over","After this World Cup, the GOAT debate is settled.","After this World Cup, the GOAT debate is officially over. Add up the trophies, the tournament impact, and the moments that actually decided knockout games, and it is no longer close. One name stands above everyone, and this summer was the final piece of the puzzle. I know this hurts some of you, so go ahead and cope in the comments. But who is YOUR greatest of all time? Make the case, I'm listening.","Is the GOAT debate finally settled after World Cup 2026? Cope or agree in the comments. Who's YOUR GOAT? 🐐","#GOAT #messironaldo #WorldCup2026 #debate #shorts","Europe 8pm CET"
27,Reaction,"My TEAM of the Tournament XI","My Team of the Tournament, argue with the lineup.","Here is my official Team of the Tournament, now come argue with the lineup. In goal, the keeper who saved his nation. At the back, two rocks who barely conceded. In midfield, the engine, the artist, and the destroyer. And up top, the three players who terrorized every defense they faced. That's my eleven. But I know I snubbed somebody you love. Who did I leave out? Tell me below.","My official World Cup 2026 Team of the Tournament XI. Who did I snub? Build your eleven in the comments! ⚽","#teamofthetournament #TOTT #WorldCup2026 #shorts","Asia 12:30pm IST"
28,Hot Take,"The BIGGEST Flop of the World Cup","The most overrated player of 2026 was...","The most overrated player of the entire 2026 World Cup was, without a doubt, this guy. The hype was deafening before a ball was kicked. The reality? Anonymous in the big games, barely any end product, and invisible when his team needed him most. Worth the price tag and the praise? Absolutely not. Defend him if you can, but the numbers are brutal. Who was YOUR biggest flop of the tournament?","Naming the biggest flop of World Cup 2026. All hype, no delivery. Who was your biggest disappointment? 📉","#flop #hottake #WorldCup2026 #shorts","Americas 12pm ET"
29,Prediction,"Who Wins the NEXT World Cup (2030)","2026 is over. Here's who wins the NEXT one.","2026 is over, so let's get crazy, here is who wins the next World Cup in 2030. Look at the young core this team is building. They've got a generational midfielder, a striker who is only getting started, and a defense that will peak in exactly four years. By 2030, they are unstoppable. Too early to call it? Of course. But save this video. When they lift it, you'll know I told you first.","Way-too-early prediction: who wins the 2030 World Cup? Here is the young core to watch. Your pick? 🔮","#2030 #nextgen #WorldCupPrediction #football #shorts","Europe 9pm CET"
30,Reaction,"Top 5 Moments of World Cup 2026","The 5 moments from this World Cup we'll NEVER forget.","Here are the five moments from World Cup 2026 that we will never, ever forget. Number five, the upset that broke the bracket. Number four, the goal of a lifetime. Number three, the penalty shootout that aged us all ten years. Number two, the underdog fairytale run. And number one, that final, the moment a champion was crowned. What a tournament. What is YOUR number one moment? Drop it below and follow for the road to 2030.","Ranking the top 5 unforgettable moments of World Cup 2026. What is your number one? Follow for road to 2030! 🎬","#WorldCup2026 #top5 #worldcupmoments #football #shorts","Asia 8pm JST"
